Usuario,Importe,Operacion,Categoria,Descripcion,Adjunto,Creacion,Fecha_operacion
Luchita,292.76,Ingreso,SENASA,"Pago de senasa ",https://res.cloudinary.com/gscloudinary/image/upload/v1679438764/conta-fam/mjv8oygxuxpqsgphdy1n.jpg,"March 21, 2023 5:46 PM","March 21, 2023"
Luchita,13,Gasto,Otros,Impuesto por facturación Sunat,https://res.cloudinary.com/gscloudinary/image/upload/v1679351586/conta-fam/wehtg5muapurggrssxgv.jpg,"March 20, 2023 5:33 PM","March 20, 2023"
Luchita,15,Gasto,Recojo de chifles,Recojo,https://res.cloudinary.com/gscloudinary/image/upload/v1679268767/conta-fam/auzumvfedptqvgcvik1d.jpg,"March 19, 2023 6:32 PM","March 17, 2023"
Luchita,390,Gasto,Compra a Keylita,"Pago de pedido a Keylita ",https://res.cloudinary.com/gscloudinary/image/upload/v1678853526/conta-fam/shtwazhy7hdg13hjaivo.jpg,"March 14, 2023 11:12 PM","March 10, 2023"
Luchita,199.5,Ingreso,Trabajo Lucha,"Venta de chifles en oficina ",https://res.cloudinary.com/gscloudinary/image/upload/v1677649551/conta-fam/hq2lkgtqclkduhg5yhuc.jpg,"March 1, 2023 12:45 AM","March 1, 2023"
Luchita,40,Gasto,Otros,"ALINEAMIENTO ",https://res.cloudinary.com/gscloudinary/image/upload/v1677649477/conta-fam/hhvmyusqp6mt5tggzka0.jpg,"March 1, 2023 12:44 AM","February 28, 2023"
Luchita,874.8,Gasto,Otros,Compra de 2 llantas para camioneta,https://res.cloudinary.com/gscloudinary/image/upload/v1677534760/conta-fam/el60fq4t9mnhtqswlfee.jpg,"February 27, 2023 4:52 PM","February 27, 2023"
Luchita,585.52,Ingreso,SENASA,"Pago de dos facturas ",https://res.cloudinary.com/gscloudinary/image/upload/v1677527996/conta-fam/atmazqqxxv77e0qqdrli.jpg,"February 27, 2023 2:59 PM","February 27, 2023"
Luchita,45.5,Ingreso,Familiares,"Pedido en condominio ",https://res.cloudinary.com/gscloudinary/image/upload/v1677371078/conta-fam/vda2olf29fnmsf1yz6s1.jpg,"February 25, 2023 7:24 PM","February 24, 2023"
Luchita,15,Gasto,Recojo de chifles,Recojo de pedido,https://res.cloudinary.com/gscloudinary/image/upload/v1677277784/conta-fam/zevcwc2tdt98jiqyyeg6.jpg,"February 24, 2023 5:29 PM","February 24, 2023"
Luchita,426,Gasto,Compra a Keylita,Pedido,https://res.cloudinary.com/gscloudinary/image/upload/v1677084254/conta-fam/rmbcpk1cav1w1qmzy3gx.jpg,"February 22, 2023 11:44 AM","February 22, 2023"
Juanito,103.2,Ingreso,Otros,"Del Británico ",https://res.cloudinary.com/gscloudinary/image/upload/v1677008896/conta-fam/pkza1yzk67bwhnqoqxis.jpg,"February 21, 2023 2:48 PM","February 21, 2023"
Luchita,30,Ingreso,Familiares,Pedido Emily,https://res.cloudinary.com/gscloudinary/image/upload/v1676767705/conta-fam/gzca9ffc8inu6ml8fnki.jpg,"February 18, 2023 7:48 PM","February 18, 2023"
Luchita,150,Gasto,Materiales,Etiquetas,https://res.cloudinary.com/gscloudinary/image/upload/v1676563793/conta-fam/np6mxbjxlgqebeyx3l3k.jpg,"February 16, 2023 11:09 AM","February 16, 2023"
Luchita,15,Gasto,Recojo de chifles,Recojo,https://res.cloudinary.com/gscloudinary/image/upload/v1676319162/conta-fam/xbqjbxh9wlupaaz8hsoe.jpg,"February 13, 2023 3:12 PM","February 13, 2023"
Luchita,511.74,Ingreso,SENASA,Pago senasa,https://res.cloudinary.com/gscloudinary/image/upload/v1676208909/conta-fam/rwpxspfet0datpxu2itq.jpg,"February 12, 2023 8:35 AM","February 10, 2023"
Luchita,423,Gasto,Compra a Keylita,"Pedido a Keylita ",https://res.cloudinary.com/gscloudinary/image/upload/v1676053889/conta-fam/njqr4uq2t86ayvv6xyxo.jpg,"February 10, 2023 1:31 PM","February 10, 2023"
Juanito,51.6,Ingreso,Otros,"Británico ",https://res.cloudinary.com/gscloudinary/image/upload/v1676042487/conta-fam/mewqh0y7xith8j1vqeib.jpg,"February 10, 2023 10:21 AM","February 10, 2023"
Juanito,146.38,Ingreso,SENASA,"Pago pendiente, no debe",https://res.cloudinary.com/gscloudinary/image/upload/v1675277731/conta-fam/wb4sltpfrujc727w2zmu.jpg,"February 1, 2023 1:55 PM","February 1, 2023"
Claudia,58,Ingreso,Otros,Pago de Katherine Carranza,https://res.cloudinary.com/gscloudinary/image/upload/v1675280348/conta-fam/lthynpzznturddr30kai.jpg,"February 1, 2023 2:39 PM","January 31, 2023"
Luchita,15,Gasto,Recojo de chifles,Recojo de chifles,https://res.cloudinary.com/gscloudinary/image/upload/v1675110738/conta-fam/jz0ccel6hckefdgbquny.jpg,"January 30, 2023 3:32 PM","January 30, 2023"
Juanito,8.82,Ingreso,Otros,"Cuadrar diferencia ",,"January 27, 2023 10:14 PM","January 27, 2023"
Luchita,55.5,Ingreso,Familiares,"1 cecina x 200 oficina, Mirtha y Julio 🇧🇷",https://res.cloudinary.com/gscloudinary/image/upload/v1674869801/conta-fam/f3q3cc5pd9wkerbppjk0.jpg,"January 27, 2023 8:36 PM","January 27, 2023"
Luchita,70.8,Ingreso,Otros,cliente BRITANICO,https://res.cloudinary.com/gscloudinary/image/upload/v1674869677/conta-fam/fxpbhejdfi9jyjals7go.jpg,"January 27, 2023 8:34 PM","January 27, 2023"
Luchita,295,Ingreso,Trabajo Lucha,Venta en oficina,https://res.cloudinary.com/gscloudinary/image/upload/v1674869594/conta-fam/bbmpkbyf7fdk9jkhhhiu.jpg,"January 27, 2023 8:33 PM","January 27, 2023"
Luchita,620,Gasto,Otros,"mantenimiento camioneta ",https://res.cloudinary.com/gscloudinary/image/upload/v1674869519/conta-fam/mmph7dcpyqaxj1cvezte.jpg,"January 27, 2023 8:32 PM","January 27, 2023"
Luchita,292.76,Ingreso,SENASA,Pago de senasa,https://res.cloudinary.com/gscloudinary/image/upload/v1674869414/conta-fam/h7kj0wcfajopnbtdhbyc.jpg,"January 27, 2023 8:30 PM","January 27, 2023"
Luchita,292.76,Ingreso,SENASA,Pago senasa 20/1,https://res.cloudinary.com/gscloudinary/image/upload/v1674870490/conta-fam/qlumzi1ojnjbh3vvvc6r.jpg,"January 27, 2023 8:48 PM","January 20, 2023"
Luchita,15,Gasto,Recojo de chifles,Recojo de chifles,https://res.cloudinary.com/gscloudinary/image/upload/v1674868531/conta-fam/dc0aaksrdsed3tx0qnsm.jpg,"January 27, 2023 8:15 PM","January 16, 2023"
Juanito,33,Ingreso,Otros,De Patsy,https://res.cloudinary.com/gscloudinary/image/upload/v1674614036/conta-fam/rkuncxdsiw1tnfwiohsz.jpg,"January 24, 2023 9:33 PM","January 15, 2023"
Luchita,423,Gasto,Compra a Keylita,"Pedido a Keylita ",https://res.cloudinary.com/gscloudinary/image/upload/v1674867954/conta-fam/wqb9gbpmbkgpjo1vmeej.jpg,"January 27, 2023 8:05 PM","January 12, 2023"
Luchita,405.2,Ingreso,Otros,"Devolución de préstamo ",https://res.cloudinary.com/gscloudinary/image/upload/v1673406375/conta-fam/o21llevphc6uggsbu6fs.jpg,"January 10, 2023 10:06 PM","January 10, 2023"
Juanito,292.76,Ingreso,SENASA,Transferencia bcp,https://res.cloudinary.com/gscloudinary/image/upload/v1673533353/conta-fam/sgklxyvq5azvim8mj7ip.jpg,"January 12, 2023 9:22 AM","January 9, 2023"
Luchita,29,Ingreso,Familiares,Marita pagó  pedido,https://res.cloudinary.com/gscloudinary/image/upload/v1673406090/conta-fam/wqs8jpxdcjji1dnlu7ui.jpg,"January 10, 2023 10:01 PM","January 3, 2023"
Juanito,146.38,Ingreso,SENASA,"Pago Senasa ",https://res.cloudinary.com/gscloudinary/image/upload/v1672172034/conta-fam/ry4thpktafpqxgh4y5pu.jpg,"December 27, 2022 3:13 PM","December 27, 2022"
Luchita,423,Gasto,Compra a Keylita,Pedido,https://res.cloudinary.com/gscloudinary/image/upload/v1674870314/conta-fam/ufmaeydg5ln8ovoeajns.jpg,"January 27, 2023 8:45 PM","December 26, 2022"
Luchita,250,Gasto,Otros,Pago de reparación aire acondicionado de camioneta,https://res.cloudinary.com/gscloudinary/image/upload/v1672108752/conta-fam/th4qdwc6ups7kerjf9cq.jpg,"December 26, 2022 9:39 PM","December 26, 2022"
Luchita,25.8,Gasto,Otros,"Se devolvió a Claudia 25.80 delivery Raulín ",https://res.cloudinary.com/gscloudinary/image/upload/v1672108629/conta-fam/wb42fmympu9gwzchefo8.jpg,"December 26, 2022 9:37 PM","December 26, 2022"
Luchita,15,Gasto,Recojo de chifles,Recojo de chifles,,"December 26, 2022 9:44 PM","December 23, 2022"
Luchita,46,Ingreso,Familiares,Incluido pago x delivery 25.80 (Prestó Claudia),https://res.cloudinary.com/gscloudinary/image/upload/v1672108574/conta-fam/hy8jrovruaycze1ezqzx.jpg,"December 26, 2022 9:36 PM","December 23, 2022"
Luchita,30,Gasto,Materiales,"3 paquetes de bolsas ",https://res.cloudinary.com/gscloudinary/image/upload/v1671743480/conta-fam/ofdi02wlohtzpeh42fjn.jpg,"December 22, 2022 4:11 PM","December 22, 2022"
Luchita,441,Gasto,Compra a Keylita,"Pago a Keylita ",https://res.cloudinary.com/gscloudinary/image/upload/v1672109225/conta-fam/pexmz3yf9nrhir6bk474.jpg,"December 26, 2022 9:47 PM","December 21, 2022"
Luchita,292.76,Ingreso,SENASA,Pagó 20/12,https://res.cloudinary.com/gscloudinary/image/upload/v1671769152/conta-fam/frav82ubkeewywtm7re6.jpg,"December 22, 2022 11:19 PM","December 20, 2022"
Luchita,483.5,Ingreso,Trabajo Lucha,Saldado hasta hoy,https://res.cloudinary.com/gscloudinary/image/upload/v1671156980/conta-fam/cnmlmge34pahrgjfoqch.jpg,"December 15, 2022 9:16 PM","December 15, 2022"
Juanito,292.7,Ingreso,SENASA,Transferencia Interbank,https://res.cloudinary.com/gscloudinary/image/upload/v1670873423/conta-fam/scancxrvmey8unmfixsm.jpg,"December 12, 2022 2:30 PM","December 12, 2022"
Luchita,30,Ingreso,Otros,Pedido cruceta,https://res.cloudinary.com/gscloudinary/image/upload/v1670387409/conta-fam/mu9gho4g9yejych6qyhm.jpg,"December 6, 2022 11:30 PM","December 6, 2022"
Luchita,15,Gasto,Recojo de chifles,Recojo  de chifles,https://res.cloudinary.com/gscloudinary/image/upload/v1670387789/conta-fam/uvregha7e4lr6j3oxser.jpg,"December 6, 2022 11:36 PM","December 2, 2022"
Juanito,213.4,Ingreso,SENASA,"Pago de Senasa ",https://res.cloudinary.com/gscloudinary/image/upload/v1670022185/conta-fam/axkysxicgfzmx1yetxhc.jpg,"December 2, 2022 6:03 PM","November 30, 2022"
Juanito,35.4,Ingreso,Otros,"Pago del Británico ",https://res.cloudinary.com/gscloudinary/image/upload/v1670022115/conta-fam/vzhi6r67jf4v0hn0kedd.jpg,"December 2, 2022 6:01 PM","November 29, 2022"
Juanito,29,Ingreso,Familiares,Pedido de Mirtha,,"December 2, 2022 6:00 PM","November 29, 2022"
Luchita,465,Gasto,Compra a Keylita,"Pago de pedido a Keylita ",https://res.cloudinary.com/gscloudinary/image/upload/v1669774111/conta-fam/rlfjzd8grstcrxpqaub0.jpg,"November 29, 2022 9:08 PM","November 29, 2022"
Luchita,39,Ingreso,Familiares,Pedido Aurora,https://res.cloudinary.com/gscloudinary/image/upload/v1670389713/conta-fam/qzphdto0kwkvzynco02d.jpg,"December 7, 2022 12:08 AM","November 23, 2022"
Luchita,15,Gasto,Recojo de chifles,Recojo chifles en agencia,https://res.cloudinary.com/gscloudinary/image/upload/v1668803609/conta-fam/l0idyt7wbkdspyzwu6dm.jpg,"November 18, 2022 3:33 PM","November 18, 2022"
Luchita,459,Gasto,Compra a Keylita,"Keylita 
",https://res.cloudinary.com/gscloudinary/image/upload/v1668648791/conta-fam/efku2l4bx6tvx1qkosks.jpg,"November 16, 2022 8:33 PM","November 16, 2022"
Juanito,22.5,Ingreso,Otros,De Barranco,https://res.cloudinary.com/gscloudinary/image/upload/v1668627910/conta-fam/estmpwweypykcrlmqe1i.jpg,"November 16, 2022 2:45 PM","November 16, 2022"
Luchita,658.12,Ingreso,SENASA,"Pago de las 3 últimas facturas ",https://res.cloudinary.com/gscloudinary/image/upload/v1668569380/conta-fam/qn1y4k0k30pnfwkmtbqd.jpg,"November 15, 2022 10:29 PM","November 15, 2022"
Luchita,64.5,Ingreso,Otros,Flor Jara,https://res.cloudinary.com/gscloudinary/image/upload/v1667308388/conta-fam/etdilrmqsofset5flbz8.jpg,"November 1, 2022 8:13 AM","October 28, 2022"
Luchita,32.5,Ingreso,Familiares,"Pedido Aurora ",https://res.cloudinary.com/gscloudinary/image/upload/v1667308286/conta-fam/qsytkgqy2lumi5kjmdrc.jpg,"November 1, 2022 8:11 AM","October 24, 2022"
Luchita,563.36,Ingreso,SENASA,Pago de 2 facturas de Senasa,https://res.cloudinary.com/gscloudinary/image/upload/v1666326584/conta-fam/pfarervxeh0q2n5oovix.jpg,"October 20, 2022 11:29 PM","October 20, 2022"
Luchita,150,Gasto,Materiales,Pago de etiquetas,,"October 20, 2022 11:32 PM","October 17, 2022"
Luchita,16,Gasto,Materiales,Copra de bolsas,https://res.cloudinary.com/gscloudinary/image/upload/v1666326436/conta-fam/n3ufv2xrftztglxmtqy9.jpg,"October 20, 2022 11:27 PM","October 16, 2022"
Luchita,123,Gasto,Otros,"Devolución de préstamo para último pago a Keylita ",https://res.cloudinary.com/gscloudinary/image/upload/v1666326939/conta-fam/sh3azyltlz9jk8pwu6rz.jpg,"October 20, 2022 11:35 PM","October 15, 2022"
Luchita,15,Gasto,Recojo de chifles,Recojo chifles,https://res.cloudinary.com/gscloudinary/image/upload/v1666326374/conta-fam/wuxlvq6q0pdzdjgyywm9.jpg,"October 20, 2022 11:26 PM","October 15, 2022"
Luchita,468,Gasto,Compra a Keylita,Para este pago presté 123 soles,https://res.cloudinary.com/gscloudinary/image/upload/v1665836891/conta-fam/axqxvnbwpzblv9gmogia.jpg,"October 15, 2022 7:28 AM","October 15, 2022"
Luchita,114,Ingreso,Trabajo Lucha,"Llevados a oficina 4 y 10/10, ya saldados",https://res.cloudinary.com/gscloudinary/image/upload/v1665835942/conta-fam/n5xzboyjhst3bopoybbk.jpg,"October 15, 2022 7:12 AM","October 14, 2022"
Luchita,45.5,Ingreso,Familiares,Pago de pedido de Elena del sábado 8/10 y S/6.50 Marita,https://res.cloudinary.com/gscloudinary/image/upload/v1665835816/conta-fam/flw19lmaeb2klrvy4plf.jpg,"October 15, 2022 7:10 AM","October 14, 2022"
Luchita,28,Ingreso,Otros,"Amiga De Mirtha, Janeth ",https://res.cloudinary.com/gscloudinary/image/upload/v1665327197/conta-fam/x1xfyima6nu3eshtwh1z.jpg,"October 9, 2022 9:53 AM","October 6, 2022"
Luchita,39,Ingreso,Familiares,Aurora,https://res.cloudinary.com/gscloudinary/image/upload/v1665327130/conta-fam/u8e7rvsnsva82aqoclpx.jpg,"October 9, 2022 9:52 AM","October 6, 2022"
Luchita,15,Gasto,Recojo de chifles,Recojo chifles,https://res.cloudinary.com/gscloudinary/image/upload/v1665327407/conta-fam/eixrj79pfhor1rtk7bru.jpg,"October 9, 2022 9:56 AM","October 3, 2022"
Luchita,158.7,Gasto,Otros,Devolución a mi para pago a Keylita del 28/9,,"October 9, 2022 9:47 AM","September 30, 2022"
Luchita,292.7,Ingreso,SENASA,Adjunto yape a mi cuenta. Me tienen que devolver S/158.70,https://res.cloudinary.com/gscloudinary/image/upload/v1665326661/conta-fam/vx70meu2apkq63l8hohh.jpg,"October 9, 2022 9:44 AM","September 30, 2022"
Luchita,420,Gasto,Compra a Keylita,Compra a Keylita. Se Prestó la diferencia 211 soles,https://res.cloudinary.com/gscloudinary/image/upload/v1664393473/conta-fam/cevxah5zfd4dkfuxwsru.jpg,"September 28, 2022 2:31 PM","September 28, 2022"
Luchita,11,Gasto,Otros,X declaración impuesto factura senasa,https://res.cloudinary.com/gscloudinary/image/upload/v1664244484/conta-fam/wijvdxkspzk2751osgyv.jpg,"September 26, 2022 9:08 PM","September 26, 2022"
Luchita,21,Ingreso,Familiares,Pedido de Kavier Hong,https://res.cloudinary.com/gscloudinary/image/upload/v1664239846/conta-fam/uumzlbo5vhzx9rviqjeo.jpg,"September 26, 2022 7:50 PM","September 24, 2022"
Luchita,14,Ingreso,Familiares,Pedido Marita del 16/9,https://res.cloudinary.com/gscloudinary/image/upload/v1663990808/conta-fam/fghlrl3g0is147qapjio.jpg,"September 23, 2022 10:40 PM","September 23, 2022"
Luchita,400,Gasto,Otros,PARA PAGO DE PAPELETA,https://res.cloudinary.com/gscloudinary/image/upload/v1663902673/conta-fam/x5hdwzkq4mdgobzp1wj8.jpg,"September 22, 2022 10:11 PM","September 22, 2022"
Luchita,42,Ingreso,Otros,Pedido a Janeth Amiga De Mirtha,https://res.cloudinary.com/gscloudinary/image/upload/v1663897819/conta-fam/s9eyhtwgh76tjgdrotax.jpg,"September 22, 2022 8:50 PM","September 22, 2022"
Luchita,496,Ingreso,Trabajo Lucha,Del 21/7 al 20/9,https://res.cloudinary.com/gscloudinary/image/upload/v1663897598/conta-fam/y9vpcdl2zzdyoxor6vh0.jpg,"September 22, 2022 8:46 PM","September 22, 2022"
Luchita,520,Gasto,Otros,Mantenimiento camioneta,https://res.cloudinary.com/gscloudinary/image/upload/v1663392952/conta-fam/uqjjjyo8cp4mtb7jasmd.jpg,"September 17, 2022 12:35 AM","September 16, 2022"
Luchita,26,Ingreso,Familiares,AURORA,https://res.cloudinary.com/gscloudinary/image/upload/v1663210134/conta-fam/ik7w9bcvusg41f5oveas.jpg,"September 14, 2022 9:48 PM","September 14, 2022"
Juanito,30,Ingreso,Familiares,"Pago de Mirtha ",https://res.cloudinary.com/gscloudinary/image/upload/v1663209846/conta-fam/elrqsg07v5ks80ewbrip.jpg,"September 14, 2022 9:44 PM","September 14, 2022"
Luchita,311.9,Ingreso,SENASA,Senasa pagó  2 pedidos chicos,https://res.cloudinary.com/gscloudinary/image/upload/v1663036328/conta-fam/l0q81jca7faakkmoj6ii.jpg,"September 12, 2022 9:32 PM","September 12, 2022"
Luchita,300,Gasto,Otros,"PAGO DE ARBITRIOS, CASA",https://res.cloudinary.com/gscloudinary/image/upload/v1662953203/conta-fam/w9ixvirpipevkfsbumaf.jpg,"September 11, 2022 10:26 PM","September 11, 2022"
Luchita,39,Ingreso,Familiares,Aurora,https://res.cloudinary.com/gscloudinary/image/upload/v1663209670/conta-fam/gx66jgcaca7nlyqpcyqa.jpg,"September 14, 2022 9:41 PM","September 3, 2022"
Luchita,13,Ingreso,Familiares,Pedido de Elena del 30/8,https://res.cloudinary.com/gscloudinary/image/upload/v1663209152/conta-fam/onjuxc0ohgenz9uzrudl.jpg,"September 14, 2022 9:32 PM","August 30, 2022"
Luchita,405,Gasto,Compra a Keylita,Pago de pedido,https://res.cloudinary.com/gscloudinary/image/upload/v1661826180/conta-fam/stsba9quqehbpgwca3il.jpg,"August 29, 2022 9:23 PM","August 29, 2022"
Claudia,29,Ingreso,Trabajo Lucha,,https://res.cloudinary.com/gscloudinary/image/upload/v1661828160/conta-fam/qdlwwiuxhvpkehq8mgvv.png,"August 29, 2022 9:56 PM","August 26, 2022"
Luchita,22.5,Ingreso,Familiares,"Pedido Javier Hong ",https://res.cloudinary.com/gscloudinary/image/upload/v1661647639/conta-fam/jobh5lf2i3jblsomuisl.jpg,"August 27, 2022 7:47 PM","August 24, 2022"
Luchita,69.6,Ingreso,Otros,"Sr. De Surquillo, cantante",https://res.cloudinary.com/gscloudinary/image/upload/v1661647565/conta-fam/cijmj05acciioqotp4ky.jpg,"August 27, 2022 7:46 PM","August 24, 2022"
Luchita,331.1,Ingreso,SENASA,Pago senasa,https://res.cloudinary.com/gscloudinary/image/upload/v1661647490/conta-fam/vcieqeewfgo61teggtjk.jpg,"August 27, 2022 7:44 PM","August 24, 2022"
Luchita,15,Gasto,Recojo de chifles,Recojo de chifles,https://res.cloudinary.com/gscloudinary/image/upload/v1660956210/conta-fam/roytjnhw30pahjllyyzo.jpg,"August 19, 2022 7:43 PM","August 18, 2022"
Luchita,405,Gasto,Compra a Keylita,"Pago de pedido Keylita ",https://res.cloudinary.com/gscloudinary/image/upload/v1660625781/conta-fam/frg5boumpzkrfg9twdfj.jpg,"August 15, 2022 11:56 PM","August 15, 2022"
Luchita,26,Ingreso,Familiares,2da mitad del pago de las 8 bolsas que pidió  Stepanie,https://res.cloudinary.com/gscloudinary/image/upload/v1660625646/conta-fam/rdhlkl2pxdqvmfzhvgs5.jpg,"August 15, 2022 11:54 PM","August 15, 2022"
Claudia,26,Ingreso,Familiares,"Tía Elena ",https://res.cloudinary.com/gscloudinary/image/upload/v1660623693/conta-fam/gsmawfovtvpi4hmckldt.png,"August 15, 2022 11:21 PM","August 15, 2022"
Juanito,26,Ingreso,Familiares,"De Elena una parte ",https://res.cloudinary.com/gscloudinary/image/upload/v1660700763/conta-fam/hzottowroleqlzsxxeas.jpg,"August 16, 2022 8:46 PM","August 12, 2022"
Luchita,331.1,Ingreso,SENASA,Sena pagó  hoy,https://res.cloudinary.com/gscloudinary/image/upload/v1660189743/conta-fam/q6s4jdneokbmr3owlxa3.jpg,"August 10, 2022 10:49 PM","August 10, 2022"
Juanito,75.6,Ingreso,Otros,"Pago de Surquillo ",https://res.cloudinary.com/gscloudinary/image/upload/v1660185746/conta-fam/stenvuqzs4ujloulepwx.jpg,"August 10, 2022 9:42 PM","August 10, 2022"
Luchita,48.5,Ingreso,Familiares,Pedido de Javier Hong y Aurora,https://res.cloudinary.com/gscloudinary/image/upload/v1660189673/conta-fam/khidexdvoncxmjrvbr8f.jpg,"August 10, 2022 10:47 PM","August 9, 2022"
Luchita,61.5,Ingreso,Familiares,Pedido Aurora de hoy 32.50 y 29.00 de Marita pagado el 25/7,https://res.cloudinary.com/gscloudinary/image/upload/v1659153319/conta-fam/mlc2fkkyyc17yajevsah.jpg,"July 29, 2022 10:55 PM","July 29, 2022"
Juanito,117,Ingreso,Otros,"Amiga Claudia,Mirtha,Iris, trabajo Luchi.",https://res.cloudinary.com/gscloudinary/image/upload/v1659154028/conta-fam/xb0ufwoxcfl8poqv23v2.jpg,"July 29, 2022 11:07 PM","July 28, 2022"
Luchita,420,Gasto,Otros,Mantenimiento GLP camioneta,https://res.cloudinary.com/gscloudinary/image/upload/v1658804977/conta-fam/c07pnpazteu67etm8hzw.jpg,"July 25, 2022 10:09 PM","July 25, 2022"
Luchita,331.1,Ingreso,SENASA,"Hizo yape, hoy mismo transferí a cuenta de chifles.",https://res.cloudinary.com/gscloudinary/image/upload/v1658779107/conta-fam/jy8wncbdxnvtpq3sccda.jpg,"July 25, 2022 2:58 PM","July 25, 2022"
Luchita,30,Gasto,Recojo de chifles,Recojo 2 cajas de chifles,https://res.cloudinary.com/gscloudinary/image/upload/v1658525115/conta-fam/pvesfgrnx23mnwjcwaow.jpg,"July 22, 2022 4:25 PM","July 22, 2022"
Luchita,50,Ingreso,Trabajo Lucha,"Ventas en oficina ",https://res.cloudinary.com/gscloudinary/image/upload/v1658283835/conta-fam/epqbfw6k51hjkxagbvag.jpg,"July 19, 2022 9:23 PM","July 19, 2022"
Luchita,40,Ingreso,Familiares,Pedido de Rocío Cruz,https://res.cloudinary.com/gscloudinary/image/upload/v1658283776/conta-fam/nnv19ccgxeb53wolz9e2.jpg,"July 19, 2022 9:22 PM","July 19, 2022"
Luchita,169.3,Ingreso,SENASA,Pago de 1era factura de senasa,https://res.cloudinary.com/gscloudinary/image/upload/v1658282528/conta-fam/jx9xmu01x0dycjbwspzr.jpg,"July 19, 2022 9:02 PM","July 18, 2022"
Luchita,5,Gasto,Otros,"Cochera por recojo de etiquetas 🏷 ",https://res.cloudinary.com/gscloudinary/image/upload/v1658195852/conta-fam/abfvp5azodghlxoawiti.jpg,"July 18, 2022 8:57 PM","July 18, 2022"
Luchita,150,Gasto,Materiales,"ETIQUETAS 🏷 ",https://res.cloudinary.com/gscloudinary/image/upload/v1658010439/conta-fam/uh97sit010b5nmpapqjb.jpg,"July 16, 2022 5:27 PM","July 16, 2022"
Luchita,19.5,Ingreso,Familiares,ELENA 3 x 200 gr 6.50 C/U,https://res.cloudinary.com/gscloudinary/image/upload/v1657986677/conta-fam/blx0frzioyuhbngid7vh.jpg,"July 16, 2022 10:51 AM","July 16, 2022"
Luchita,855,Gasto,Compra a Keylita,"2do pedido con nuevo precio ",https://res.cloudinary.com/gscloudinary/image/upload/v1657985094/conta-fam/famcglqompxsbxlnup9k.jpg,"July 16, 2022 10:24 AM","July 16, 2022"
Luchita,60.5,Ingreso,Trabajo Lucha,Con precio antiguo,https://res.cloudinary.com/gscloudinary/image/upload/v1657984792/conta-fam/v6h56rlw2psq1kglsa4l.jpg,"July 16, 2022 10:19 AM","July 16, 2022"
Luchita,15,Gasto,Recojo de chifles,"Hice yape de mi cuenta a Juan ",https://res.cloudinary.com/gscloudinary/image/upload/v1657750530/conta-fam/hhnqzdmjuw5berkd9klb.jpg,"July 13, 2022 5:15 PM","July 13, 2022"
Luchita,420,Gasto,Compra a Keylita,Primer pedido con nuevo precio,https://res.cloudinary.com/gscloudinary/image/upload/v1657591795/conta-fam/muv0uwupk8fr0xsluk1g.jpg,"July 11, 2022 9:09 PM","July 11, 2022"
Luchita,165.5,Ingreso,SENASA,Primer pago senasa con el nuevo precio,https://res.cloudinary.com/gscloudinary/image/upload/v1657334608/conta-fam/ffb8ejyxw8g6rz7hw42f.jpg,"July 8, 2022 9:43 PM","July 8, 2022"
Claudia,73,Ingreso,Otros,Pedido maira,https://res.cloudinary.com/gscloudinary/image/upload/v1657246597/conta-fam/v2tgskcb1urlmcociaza.png,"July 7, 2022 9:16 PM","July 7, 2022"
Luchita,270.6,Ingreso,SENASA,Hoy transferí importe a cuenta chifles,https://res.cloudinary.com/gscloudinary/image/upload/v1656860395/conta-fam/oa3a3rhuntuh7o3hc7li.jpg,"July 3, 2022 9:59 AM","July 1, 2022"
Juanito,28,Ingreso,Familiares,"Pago de Mirtha, 4 bolsas.",https://res.cloudinary.com/gscloudinary/image/upload/v1656733415/conta-fam/fohhkxiukm7h0abwklti.jpg,"July 1, 2022 10:43 PM","July 1, 2022"
Luchita,34,Ingreso,Familiares,"4 chifles Marita, 1 clásico  Elena ",https://res.cloudinary.com/gscloudinary/image/upload/v1656645488/conta-fam/fo5xlf94vo0a79irukah.jpg,"June 30, 2022 10:18 PM","June 30, 2022"
Luchita,261,Ingreso,Trabajo Lucha,Venta en oficina con cierre a hoy 23/06,https://res.cloudinary.com/gscloudinary/image/upload/v1656035991/conta-fam/cozheoybpsnyexoxgvxp.jpg,"June 23, 2022 8:59 PM","June 23, 2022"
Luchita,270.6,Ingreso,SENASA,"Pago Senasa ",https://res.cloudinary.com/gscloudinary/image/upload/v1655862779/conta-fam/oyois1t7nh5yypmat1th.jpg,"June 21, 2022 8:53 PM","June 21, 2022"
Claudia,26,Ingreso,Otros,Pedido la molina. La chica pago 8 por delivery adicional que se le entrego a mi papá.,https://res.cloudinary.com/gscloudinary/image/upload/v1655691702/conta-fam/yvjenfqzstujween6hn5.png,"June 19, 2022 9:21 PM","June 19, 2022"
Juan Luis,8,Gasto,Otros,Pago de delivery a Juanito por envío de chifles a la Molina,https://res.cloudinary.com/gscloudinary/image/upload/v1655513981/conta-fam/xrgdeu6wcjmc4a2bjlwh.jpg,"June 17, 2022 7:59 PM","June 17, 2022"
Juan Luis,261.4,Ingreso,SENASA,SENASA tiene un saldo por pagar de s/. 10. Se equivocó en el importe.,https://res.cloudinary.com/gscloudinary/image/upload/v1655513913/conta-fam/dcme6hkcqoow5ykbgl2d.jpg,"June 17, 2022 7:58 PM","June 17, 2022"
Juan Luis,33,Ingreso,Iris,Juanito hizo la transferencia,https://res.cloudinary.com/gscloudinary/image/upload/v1655513274/conta-fam/wqog5icdvuvilw8xj6pn.jpg,"June 17, 2022 7:47 PM","June 17, 2022"
Juan Luis,30,Gasto,Otros,"Lucha hizo una transferencia de la cuenta de chifles a su cuenta, para darle a mi papá esos s/. 30.00 que prestó el sábado 11/6",https://res.cloudinary.com/gscloudinary/image/upload/v1655512564/conta-fam/xrrsjzkuxwzbox807qb0.jpg,"June 17, 2022 7:36 PM","June 17, 2022"